Line,Env,Yield,ASI,PH
CKDHL0002,EBU,6.65,1.4,248
CKDHL0003,EBU,6.1,1.7,245
CKDHL0004,EBU,5.07,1.6,239
CKDHL0005,EBU,6.55,2.1,231
CKDHL0007,EBU,6.82,2,228
CKDHL0008,EBU,6.88,2.7,226
CKDHL0011,EBU,6.34,2,246
CKDHL0013,EBU,7.09,1.7,239
CKDHL0014,EBU,5.28,2,242
CKDHL0015,EBU,6.07,1.9,229
CKDHL0016,EBU,7.21,2,232
CKDHL0017,EBU,6.83,2.3,225
CKDHL0018,EBU,7.78,2.3,243
CKDHL0019,EBU,6.18,1.3,239
CKDHL0020,EBU,6.64,1.3,243
CKDHL0021,EBU,8.59,2.7,237
CKDHL0022,EBU,8.29,2,238
CKDHL0023,EBU,7.33,1.7,237
CKDHL0024,EBU,5.26,1.6,248
CKDHL0027,EBU,6.11,1.4,239
CKDHL0028,EBU,7.35,1.7,239
CKDHL0029,EBU,6.8,2,239
CKDHL0030,EBU,5.72,2,236
CKDHL0031,EBU,6.94,2.1,232
CKDHL0032,EBU,6.62,2,239
CKDHL0034,EBU,5.55,1.9,238
CKDHL0035,EBU,7.52,2.3,233
CKDHL0037,EBU,6.12,1.7,242
CKDHL0038,EBU,6.14,1.6,247
CKDHL0039,EBU,6.85,1.3,239
CKDHL0040,EBU,8.64,1.8,243
CKDHL0041,EBU,6.25,2,244
CKDHL0042,EBU,6.37,2.3,238
CKDHL0043,EBU,7.27,3,232
CKDHL0044,EBU,6.08,1,248
CKDHL0045,EBU,6.51,-0.3,252
CKDHL0046,EBU,5.24,3,237
CKDHL0047,EBU,5.79,1.3,245
CKDHL0049,EBU,4.72,2.3,252
CKDHL0050,EBU,4.98,3.1,239
CKDHL0051,EBU,4.22,1.7,227
CKDHL0052,EBU,5.88,1.7,222
CKDHL0053,EBU,6.4,2.6,240
CKDHL0054,EBU,6.97,3,238
CKDHL0055,EBU,5.64,1.7,234
CKDHL0056,EBU,6.75,1.3,230
CKDHL0058,EBU,7.53,2.3,244
CKDHL0059,EBU,6.08,2.6,235
CKDHL0060,EBU,7.07,1.4,242
CKDHL0061,EBU,5.39,2.1,241
CKDHL0062,EBU,6.36,1,245
CKDHL0063,EBU,8.62,2.3,250
CKDHL0064,EBU,6.78,2.3,238
CKDHL0065,EBU,8.09,2.7,234
CKDHL0066,EBU,8.1,2.3,237
CKDHL0067,EBU,7.52,1.6,241
CKDHL0068,EBU,7.27,1.7,237
CKDHL0069,EBU,5.16,1,248
CKDHL0070,EBU,6.36,2.3,243
CKDHL0071,EBU,6.38,1.6,246
CKDHL0072,EBU,5.77,1.7,227
CKDHL0073,EBU,7.03,2,220
CKDHL0076,EBU,7.23,3.1,241
CKDHL0078,EBU,6.8,2,247
CKDHL0079,EBU,8.18,0.3,239
CKDHL0080,EBU,7.1,1.7,247
CKDHL0081,EBU,7.49,0.7,232
CKDHL0082,EBU,5.87,2,226
CKDHL0084,EBU,6.98,0.7,219
CKDHL0085,EBU,7.85,1.3,232
CKDHL0086,EBU,6.98,1.1,232
CKDHL0087,EBU,5.25,1.3,219
CKDHL0088,EBU,6.48,1.8,231
CKDHL0089,EBU,7.63,1,237
CKDHL0092,EBU,6.75,1,228
CKDHL0094,EBU,7.57,1.4,229
CKDHL0095,EBU,7.81,1,247
CKDHL0096,EBU,6.85,1.6,228
CKDHL0097,EBU,5.94,2.4,225
CKDHL0098,EBU,7.28,1.4,226
CKDHL0099,EBU,7.05,0.7,228
CKDHL0100,EBU,6.72,1,240
CKDHL0101,EBU,6.13,1.4,238
CKDHL0102,EBU,6.76,2.1,234
CKDHL0103,EBU,7.46,2,246
CKDHL0104,EBU,6.81,1,244
CKDHL0105,EBU,6.18,1.6,215
CKDHL0106,EBU,7.88,1.3,236
CKDHL0108,EBU,7.47,2.4,237
CKDHL0109,EBU,7.75,0.4,243
CKDHL0110,EBU,7.55,1.3,242
CKDHL0112,EBU,6.13,1.3,214
CKDHL0114,EBU,6.48,2.3,228
CKDHL0115,EBU,6.04,1.3,226
CKDHL0116,EBU,7.59,2.4,248
CKDHL0117,EBU,5.03,1,212
CKDHL0119,EBU,7.89,1.1,240
CKDHL0120,EBU,6.82,2.6,227
CKDHL0121,EBU,7.68,1,229
CKDHL0122,EBU,7.54,1.3,239
CKDHL0123,EBU,7.66,1.3,241
CKDHL0126,EBU,5.74,0.7,235
CKDHL0127,EBU,6.12,1.3,221
CKDHL0128,EBU,6.23,1.7,222
CKDHL0129,EBU,6.58,1,232
CKDHL0130,EBU,7.45,0.7,228
CKDHL0132,EBU,7.14,1.7,235
CKDHL0133,EBU,3.96,1.7,217
CKDHL0134,EBU,7.23,1,235
CKDHL0135,EBU,7.58,2,234
CKDHL0136,EBU,7.04,1.3,221
CKDHL0137,EBU,5.29,1,222
CKDHL0138,EBU,6.37,0.7,240
CKDHL0140,EBU,6.43,1,229
CKDHL0141,EBU,6.75,2,221
CKDHL0142,EBU,6.29,2,228
CKDHL0143,EBU,6.43,1.6,238
CKDHL0146,EBU,4.3,0.7,228
CKDHL0147,EBU,6.45,1.4,217
CKDHL0148,EBU,6.59,1.7,222
CKDHL0150,EBU,6.78,2,218
CKDHL0151,EBU,5.86,0.6,216
CKDHL0152,EBU,7.13,1.3,238
CKDHL0153,EBU,7.57,1.3,246
CKDHL0154,EBU,5.27,1.7,211
CKDHL0155,EBU,5.39,1.4,225
CKDHL0157,EBU,6.03,1,230
CKDHL0158,EBU,6.4,0.7,222
CKDHL0160,EBU,7.07,1.3,238
CKDHL0161,EBU,6.66,3,229
CKDHL0162,EBU,4.78,2,224
CKDHL0163,EBU,7.07,1,237
CKDHL0164,EBU,5.76,1.7,232
CKDHL0166,EBU,5.89,2,237
CKDHL0167,EBU,7.12,0.6,226
CKDHL0168,EBU,6.4,1.7,226
CKDHL0170,EBU,7.51,0.3,238
CKDHL0171,EBU,7.74,0.3,230
CKDHL0172,EBU,6.82,1.3,242
CKDHL0173,EBU,6.42,1.3,233
CKDHL0176,EBU,6.38,2.1,215
CKDHL0177,EBU,7.42,2,238
CKDHL0178,EBU,6.69,1.3,220
CKDHL0179,EBU,6.71,1,221
CKDHL0180,EBU,5.5,2,233
CKDHL0181,EBU,6.45,2,226
CKDHL0182,EBU,6.57,2.7,208
CKDHL0183,EBU,6.98,2.7,221
CKDHL0184,EBU,5.78,1.3,214
CKDHL0186,EBU,7.74,2,227
CKDHL0187,EBU,5.76,2.7,217
CKDHL0189,EBU,6.71,0.7,215
CKDHL0190,EBU,5.67,1.3,222
CKDHL0192,EBU,5,3,223
CKDHL0193,EBU,6.8,1.7,223
CKDHL0194,EBU,6.01,1.6,230
CKDHL0195,EBU,6.13,1.3,210
CKDHL0196,EBU,6.63,1.7,216
CKDHL0197,EBU,6.72,2,220
CKDHL0198,EBU,7.62,2,225
CKDHL0199,EBU,7.5,1.7,224
CKDHL0200,EBU,6.64,1.3,210
CKDHL0201,EBU,4.86,0.7,225
CKDHL0202,EBU,6.64,1.4,239
CKDHL0203,EBU,6.41,1.7,210
CKDHL0204,EBU,7.34,1.7,224
CKDHL0206,EBU,6.24,2.1,221
CKDHL0208,EBU,5.78,2.4,218
CKDHL0209,EBU,6.04,2,226
CKDHL0211,EBU,8.19,0.7,231
CKDHL0212,EBU,5.63,1.7,215
CKDHL0214,EBU,6.13,4.4,234
CKDHL0216,EBU,8.64,1.3,214
CKDHL0217,EBU,8,1,223
CKDHL0218,EBU,6.94,2.7,228
CKDHL0219,EBU,7.67,2.6,224
CKDHL0221,EBU,5.55,2,232
CKDHL0225,EBU,7.01,1.4,220
CKDHL0226,EBU,5.63,2,225
CKDHL0227,EBU,5.62,1.4,219
CKDHL0228,EBU,8.62,1.7,245
CKDHL0229,EBU,5.72,4.3,231
CKDHL0231,EBU,6.48,2.7,210
CKDHL0232,EBU,3.92,2.7,207
CKDHL0234,EBU,5.93,2.4,223
CKDHL0235,EBU,6.11,2.3,225
CKDHL0236,EBU,6.46,1.7,219
CKDHL0238,EBU,6.56,2.3,241
CKDHL0239,EBU,5.12,3,224
CKDHL0241,EBU,7.66,2.3,226
CKDHL0246,EBU,4.63,2,229
CKDHL0248,EBU,6.41,1.3,215
CKDHL0251,EBU,4.64,2.9,231
CKDHL0253,EBU,6.84,2,224
CKDHL0254,EBU,5.34,2,210
CKDHL0256,EBU,5.18,1.4,220
CKDHL0257,EBU,4.94,2,217
CKDHL0258,EBU,6.02,3.1,226
CKDHL0259,EBU,4.22,1.4,218
CKDHL0262,EBU,6.56,2.3,227
CKDHL0265,EBU,7.19,2,225
CKDHL0266,EBU,6.14,2.7,240
CKDHL0272,EBU,5.56,2.6,214
CKDHL0273,EBU,7.43,2.7,217
CKDHL0275,EBU,4.75,3,221
CKDHL0276,EBU,5.27,3.4,236
CKDHL0277,EBU,5.83,2.3,221
CKDHL0279,EBU,5.91,2,236
CKDHL0429,EBU,8.03,1.3,242
CKDHL0430,EBU,6.5,0,240
CKDHL0431,EBU,7.8,1.4,245
CKDHL0432,EBU,6.35,2,237
CKDHL0433,EBU,6.61,1,234
CKDHL0434,EBU,6.08,2.3,245
CKDHL0435,EBU,6.59,2,243
CKDHL0436,EBU,5.47,0.4,233
CKDHL0437,EBU,6.76,0.7,239
CKDHL0438,EBU,6.29,0.4,231
CKDHL0439,EBU,6.69,0.9,245
CKDHL0440,EBU,6.69,0.4,238
CKDHL0441,EBU,7.86,1.3,243
CKDHL0443,EBU,6.21,1.4,246
CKDHL0444,EBU,6.38,1,235
CKDHL0445,EBU,5.25,3,229
CKDHL0446,EBU,7.12,0.7,240
CKDHL0447,EBU,6.02,1.3,244
CKDHL0448,EBU,7.08,2.7,235
CKDHL0449,EBU,5.48,2.3,228
CKDHL0450,EBU,6.62,-0.3,244
CKDHL0451,EBU,6.19,1.3,240
CKDHL0452,EBU,6.02,1,246
CKDHL0453,EBU,6.47,1.3,238
CKDHL0454,EBU,5.81,1.3,235
CKDHL0457,EBU,5.92,1.7,234
CKDHL0458,EBU,6.03,1.3,237
CKDHL0459,EBU,5.11,2,235
CKDHL0460,EBU,6.53,1,236
CKDHL0461,EBU,5.89,2,229
CKDHL0462,EBU,6.04,0.7,247
CKDHL0463,EBU,6.27,0,233
CKDHL0464,EBU,7.09,1,238
CKDHL0467,EBU,5.96,1.3,234
CKDHL0468,EBU,6.77,0.7,226
CKDHL0469,EBU,6.88,1,235
CKDHL0470,EBU,8.6,1,236
CKDHL0471,EBU,7.56,1.4,235
CKDHL0473,EBU,6.03,1,236
CKDHL0474,EBU,6.25,1.3,232
CKDHL0475,EBU,7.09,1.4,238
CKDHL0476,EBU,6.9,1.1,240
CKDHL0477,EBU,6.02,1.7,243
CKDHL0478,EBU,6.31,1.4,241
CKDHL0479,EBU,6.34,0.1,230
CKDHL0480,EBU,7.06,1,239
CKDHL0482,EBU,6.21,1.7,242
CKDHL0483,EBU,7.12,1.7,238
CKDHL0484,EBU,7.73,1.4,242
CKDHL0485,EBU,5.51,1.4,240
CKDHL0486,EBU,6.14,1.4,234
CKDHL0487,EBU,5.68,1.3,231
CKDHL0489,EBU,6.74,1,234
CKDHL0490,EBU,8.02,0.4,240
CKDHL0491,EBU,6.3,2,237
CKDHL0492,EBU,5.75,2,227
CKDHL0493,EBU,7.89,1.7,247
CKDHL0494,EBU,5.4,2,237
CKDHL0497,EBU,6.44,2,226
CKDHL0498,EBU,7.43,0,238
CKDHL0499,EBU,7.12,2,240
CKDHL0502,EBU,6.39,1,245
CKDHL0503,EBU,6.73,1.1,245
CKDHL0504,EBU,6.2,1,236
CKDHL0505,EBU,6.24,1.7,232
CKDHL0506,EBU,6.16,1,227
CKDHL0507,EBU,6.53,0.6,235
CKDHL0511,EBU,7.42,1,224
CKDHL0512,EBU,7.39,1.3,229
CKDHL0513,EBU,7.59,1.4,234
CKDHL0514,EBU,6.74,1,236
CKDHL0515,EBU,6.67,2,247
CKDHL0516,EBU,6.41,1.7,230
CKDHL0521,EBU,5.54,1.7,239
CKDHL0523,EBU,6.64,2.7,236
CKDHL0524,EBU,6.31,0.7,237
CKDHL0525,EBU,7.02,1.1,239
CKDHL0526,EBU,6.35,1.3,228
CKDHL0527,EBU,6.56,2,225
CKDHL0528,EBU,6.83,0.7,237
CKDHL0529,EBU,6.3,1.4,246
CKDHL0530,EBU,7.36,1,225
CKDHL0531,EBU,6.85,1.3,242
CKDHL0638,EBU,5.99,1.7,234
CKDHL0640,EBU,7.15,1.4,239
CKDHL0641,EBU,6.47,1,225
CKDHL0643,EBU,6.26,2.7,229
CKDHL0644,EBU,5,0.5,235
CKDHL0645,EBU,5.03,1.4,245
CKDHL0646,EBU,5.52,1.3,244
CKDHL0647,EBU,5.25,1.3,245
CKDHL0648,EBU,5.59,2,230
CKDHL0649,EBU,4.14,2.4,226
CKDHL0650,EBU,5.62,2.7,235
CKDHL0651,EBU,5.27,1.7,234
CKDHL0652,EBU,3.82,1.3,246
CKDHL0653,EBU,6,1,251
CKDHL0660,EBU,5.69,1.6,244
CKDHL0662,EBU,6.1,2.1,241
CKDHL0663,EBU,5.26,2,246
CKDHL0664,EBU,6.5,2,240
CKDHL0002,KAK,5.62,0.6,227
CKDHL0003,KAK,5.04,2.4,226
CKDHL0004,KAK,4.68,1,211
CKDHL0005,KAK,5.15,1.3,199
CKDHL0007,KAK,5.39,2.1,210
CKDHL0008,KAK,4.83,1.7,227
CKDHL0011,KAK,3.78,4,202
CKDHL0013,KAK,4.38,1.7,202
CKDHL0014,KAK,5.23,0.3,225
CKDHL0015,KAK,5.03,1.9,204
CKDHL0016,KAK,4.77,1.8,208
CKDHL0017,KAK,6.16,1.6,198
CKDHL0018,KAK,5.72,0.4,230
CKDHL0019,KAK,4.81,1.7,205
CKDHL0020,KAK,5.3,0.7,210
CKDHL0021,KAK,5.03,1.7,218
CKDHL0022,KAK,6.23,1.8,219
CKDHL0023,KAK,4.87,0.1,204
CKDHL0024,KAK,4,0.6,202
CKDHL0027,KAK,6.21,1,223
CKDHL0028,KAK,4.53,0.4,204
CKDHL0029,KAK,3.77,2.4,186
CKDHL0030,KAK,4.73,0.7,215
CKDHL0031,KAK,4.72,2,200
CKDHL0032,KAK,5.6,1.4,213
CKDHL0034,KAK,4.87,1,207
CKDHL0035,KAK,5,0.6,211
CKDHL0037,KAK,4.2,1,221
CKDHL0038,KAK,4.16,1.2,188
CKDHL0039,KAK,5.23,0.7,212
CKDHL0040,KAK,5.02,2.3,203
CKDHL0041,KAK,5.29,1.4,226
CKDHL0042,KAK,5.15,1.9,211
CKDHL0043,KAK,5.45,2.7,212
CKDHL0044,KAK,4.1,3.2,201
CKDHL0045,KAK,5.63,1.3,183
CKDHL0046,KAK,4.93,1.4,152
CKDHL0047,KAK,4.67,1,212
CKDHL0049,KAK,4.46,1.3,208
CKDHL0050,KAK,5.84,1.4,215
CKDHL0051,KAK,5.31,1.3,166
CKDHL0052,KAK,5.8,1.7,204
CKDHL0053,KAK,5.13,2.1,224
CKDHL0054,KAK,5.37,1.8,218
CKDHL0055,KAK,4.69,0.7,198
CKDHL0056,KAK,4.51,0.4,222
CKDHL0058,KAK,5,2,204
CKDHL0059,KAK,5.84,1,214
CKDHL0060,KAK,5.23,0.2,210
CKDHL0061,KAK,4.57,1,223
CKDHL0062,KAK,5.06,1.5,210
CKDHL0063,KAK,5.73,-1,229
CKDHL0064,KAK,5.1,2.1,221
CKDHL0065,KAK,5.75,1.6,187
CKDHL0066,KAK,5.3,1.7,214
CKDHL0067,KAK,3.53,0.8,205
CKDHL0068,KAK,4.37,0.3,200
CKDHL0069,KAK,4.44,0.5,186
CKDHL0070,KAK,6.33,1.7,212
CKDHL0071,KAK,4.28,2.3,213
CKDHL0072,KAK,5.41,1.6,209
CKDHL0073,KAK,5.47,-0.5,204
CKDHL0076,KAK,5.91,1.5,213
CKDHL0078,KAK,4.97,3.1,210
CKDHL0079,KAK,5.66,-0.5,210
CKDHL0080,KAK,4.24,1.5,192
CKDHL0081,KAK,5.01,0.4,208
CKDHL0082,KAK,4.74,0.2,204
CKDHL0084,KAK,4.19,-0.7,200
CKDHL0085,KAK,4.89,0.4,211
CKDHL0086,KAK,4.92,-0.2,195
CKDHL0087,KAK,4.56,-0.8,194
CKDHL0088,KAK,4.05,1.3,198
CKDHL0089,KAK,5.52,-0.1,217
CKDHL0092,KAK,5.26,-0.7,194
CKDHL0094,KAK,4.7,0.3,216
CKDHL0095,KAK,5.23,1.6,214
CKDHL0096,KAK,4.54,1.1,208
CKDHL0097,KAK,5.28,1.5,205
CKDHL0098,KAK,4.49,1.8,198
CKDHL0099,KAK,3.56,1,190
CKDHL0100,KAK,5.18,0.6,210
CKDHL0101,KAK,5.24,0.8,207
CKDHL0102,KAK,4.45,0.9,197
CKDHL0103,KAK,5.47,1.1,218
CKDHL0104,KAK,4.49,2.4,211
CKDHL0105,KAK,4.54,0,210
CKDHL0106,KAK,4.38,1.7,205
CKDHL0108,KAK,5.67,1.3,219
CKDHL0109,KAK,5.2,0.7,210
CKDHL0110,KAK,4.53,0.7,214
CKDHL0112,KAK,4.27,0.8,193
CKDHL0114,KAK,4.87,0.4,217
CKDHL0115,KAK,4.83,1,211
CKDHL0116,KAK,4.97,-0.4,219
CKDHL0117,KAK,5.2,-1,201
CKDHL0119,KAK,4.93,-0.1,209
CKDHL0120,KAK,4.96,1.4,203
CKDHL0121,KAK,4.95,0.3,215
CKDHL0122,KAK,4.84,0,200
CKDHL0123,KAK,4.68,-0.1,198
CKDHL0126,KAK,4.34,0.7,209
CKDHL0127,KAK,4.94,1.8,203
CKDHL0128,KAK,4.47,0.9,188
CKDHL0129,KAK,5.18,-0.3,212
CKDHL0130,KAK,4.98,-1.2,205
CKDHL0132,KAK,5.05,0,218
CKDHL0133,KAK,4.48,1,210
CKDHL0134,KAK,4.6,-0.1,210
CKDHL0135,KAK,5.47,0.1,209
CKDHL0136,KAK,4.94,0.9,205
CKDHL0137,KAK,4.61,0.4,195
CKDHL0138,KAK,5.2,-1.4,220
CKDHL0140,KAK,5,0.1,214
CKDHL0141,KAK,4.3,2.3,198
CKDHL0142,KAK,3.87,0.6,204
CKDHL0143,KAK,4.73,-0.4,215
CKDHL0146,KAK,4.06,0.1,204
CKDHL0147,KAK,4.84,1.1,196
CKDHL0148,KAK,3.91,0.6,182
CKDHL0150,KAK,4.77,1.3,204
CKDHL0151,KAK,4.5,0,202
CKDHL0152,KAK,6.03,-0.1,205
CKDHL0153,KAK,5.24,0.8,212
CKDHL0154,KAK,5.22,0.7,210
CKDHL0155,KAK,4.64,0.8,191
CKDHL0157,KAK,4.78,0.7,182
CKDHL0158,KAK,4.92,0.1,222
CKDHL0160,KAK,4.91,0.6,202
CKDHL0161,KAK,5.78,0.7,207
CKDHL0162,KAK,4.49,0.4,212
CKDHL0163,KAK,4.49,0.1,206
CKDHL0164,KAK,4.94,1,200
CKDHL0166,KAK,4.72,0.4,219
CKDHL0167,KAK,5.28,0.6,211
CKDHL0168,KAK,4.67,0.4,205
CKDHL0170,KAK,4.45,0.6,212
CKDHL0171,KAK,5.58,1.3,216
CKDHL0172,KAK,4.71,0.3,204
CKDHL0173,KAK,5.75,1,206
CKDHL0176,KAK,4.26,1.6,195
CKDHL0177,KAK,5.4,0,215
CKDHL0178,KAK,5.43,1.7,181
CKDHL0179,KAK,5.21,-0.7,195
CKDHL0180,KAK,4.57,1.4,209
CKDHL0181,KAK,5.9,0.3,202
CKDHL0182,KAK,5.8,0.8,203
CKDHL0183,KAK,4.7,0.1,200
CKDHL0184,KAK,3.79,0.4,200
CKDHL0186,KAK,5.28,0.7,206
CKDHL0187,KAK,6.18,-0.4,209
CKDHL0189,KAK,4.87,0,195
CKDHL0190,KAK,5.32,0,192
CKDHL0192,KAK,5.46,1,187
CKDHL0193,KAK,4.75,0.7,214
CKDHL0194,KAK,6.18,2.9,186
CKDHL0195,KAK,4.87,-1,195
CKDHL0196,KAK,5.18,0.3,201
CKDHL0197,KAK,5.22,0.1,205
CKDHL0198,KAK,4.69,1.4,200
CKDHL0199,KAK,5.17,0.4,199
CKDHL0200,KAK,4.34,0.3,202
CKDHL0201,KAK,5.57,1.7,208
CKDHL0202,KAK,8.83,0.1,210
CKDHL0203,KAK,4.83,-0.1,192
CKDHL0204,KAK,5.34,0.3,202
CKDHL0206,KAK,5.29,0.3,190
CKDHL0208,KAK,5.91,0.3,217
CKDHL0209,KAK,5.3,-0.7,199
CKDHL0211,KAK,5.69,-0.4,207
CKDHL0212,KAK,4.53,-0.3,219
CKDHL0214,KAK,6.68,4,219
CKDHL0216,KAK,6.22,0.3,221
CKDHL0217,KAK,7.51,0.6,215
CKDHL0218,KAK,5.95,5,207
CKDHL0219,KAK,4.52,1.9,201
CKDHL0221,KAK,6.32,-0.2,229
CKDHL0225,KAK,6.36,2,202
CKDHL0226,KAK,5.48,2.3,201
CKDHL0227,KAK,6.91,-1,200
CKDHL0228,KAK,4.9,1,221
CKDHL0229,KAK,6.17,3,216
CKDHL0231,KAK,6.05,1.9,199
CKDHL0232,KAK,5.74,0,210
CKDHL0234,KAK,4.85,0.4,200
CKDHL0235,KAK,6.02,1.2,207
CKDHL0236,KAK,4.86,-1.4,188
CKDHL0238,KAK,6.68,0.4,208
CKDHL0239,KAK,5.34,1.1,197
CKDHL0241,KAK,5.74,0.1,214
CKDHL0246,KAK,5.67,1.7,202
CKDHL0248,KAK,5.21,0.3,213
CKDHL0251,KAK,5.53,1.3,213
CKDHL0253,KAK,6.36,1.5,215
CKDHL0254,KAK,6.09,0.6,208
CKDHL0256,KAK,5,0.7,196
CKDHL0257,KAK,6.5,1.7,198
CKDHL0258,KAK,5.21,1.5,209
CKDHL0259,KAK,2.99,1.6,175
CKDHL0262,KAK,5.71,0.6,206
CKDHL0265,KAK,6.9,1.3,213
CKDHL0266,KAK,5.13,3.3,216
CKDHL0272,KAK,4.93,2,204
CKDHL0273,KAK,5.6,1.3,214
CKDHL0275,KAK,4.04,1.4,196
CKDHL0276,KAK,6.08,0,210
CKDHL0277,KAK,4.75,-1.6,211
CKDHL0279,KAK,5.54,0.5,221
CKDHL0429,KAK,5.34,0.7,205
CKDHL0430,KAK,5.4,1.1,196
CKDHL0431,KAK,5.64,2.4,197
CKDHL0432,KAK,4.26,0.6,202
CKDHL0433,KAK,5,2,199
CKDHL0434,KAK,3.47,2.8,185
CKDHL0435,KAK,4.87,3.8,197
CKDHL0436,KAK,4.05,3,192
CKDHL0437,KAK,4.83,1.3,192
CKDHL0438,KAK,5.19,1.6,198
CKDHL0439,KAK,4.39,1.8,186
CKDHL0440,KAK,4.79,0.6,211
CKDHL0441,KAK,5.73,1.5,203
CKDHL0443,KAK,4.82,1.4,202
CKDHL0444,KAK,5.27,0.2,198
CKDHL0445,KAK,3.92,2.6,188
CKDHL0446,KAK,4.49,2.1,187
CKDHL0447,KAK,4.62,1,202
CKDHL0448,KAK,4.85,2.7,201
CKDHL0449,KAK,4.67,3.1,182
CKDHL0450,KAK,5.25,0.5,212
CKDHL0451,KAK,4.52,1.7,204
CKDHL0452,KAK,3.86,1.7,192
CKDHL0453,KAK,4.94,2,193
CKDHL0454,KAK,4.58,2,198
CKDHL0457,KAK,5.27,1.6,186
CKDHL0458,KAK,3.9,1.4,200
CKDHL0459,KAK,3.49,2.1,197
CKDHL0460,KAK,4.98,1.2,195
CKDHL0461,KAK,4.21,2.8,190
CKDHL0462,KAK,5.36,0.3,203
CKDHL0463,KAK,3.96,1,186
CKDHL0464,KAK,4.3,2,178
CKDHL0467,KAK,4.65,0.9,188
CKDHL0468,KAK,5.36,1,203
CKDHL0469,KAK,4.7,1.4,186
CKDHL0470,KAK,5.22,-0.1,209
CKDHL0471,KAK,4.86,1.7,193
CKDHL0473,KAK,4.3,1.3,192
CKDHL0474,KAK,4.72,0.4,197
CKDHL0475,KAK,4.5,1.6,205
CKDHL0476,KAK,5.81,1,222
CKDHL0477,KAK,3.96,2,183
CKDHL0478,KAK,5.08,1.4,186
CKDHL0479,KAK,4.77,1.1,201
CKDHL0480,KAK,3.73,2,182
CKDHL0482,KAK,5.18,2.1,197
CKDHL0483,KAK,4.74,1.4,188
CKDHL0484,KAK,5.18,0.7,211
CKDHL0485,KAK,3.82,0.4,193
CKDHL0486,KAK,4.94,1.1,205
CKDHL0487,KAK,4.22,0.4,184
CKDHL0489,KAK,4.05,1.7,186
CKDHL0490,KAK,5.09,2.5,202
CKDHL0491,KAK,3.89,1.7,180
CKDHL0492,KAK,3.92,4.1,184
CKDHL0493,KAK,4.42,2,194
CKDHL0494,KAK,5.35,1.3,208
CKDHL0497,KAK,4.92,2.2,195
CKDHL0498,KAK,4.7,1.4,191
CKDHL0499,KAK,5.58,2,189
CKDHL0502,KAK,4.65,2,202
CKDHL0503,KAK,6,0.7,200
CKDHL0504,KAK,4.79,0.9,200
CKDHL0505,KAK,3.87,2.9,183
CKDHL0506,KAK,4.3,-0.6,197
CKDHL0507,KAK,4.5,0.6,187
CKDHL0511,KAK,5.93,2.3,197
CKDHL0512,KAK,5.48,1.1,200
CKDHL0513,KAK,5.26,2.3,200
CKDHL0514,KAK,4.06,2.3,174
CKDHL0515,KAK,4.84,2.7,188
CKDHL0516,KAK,5.03,1.3,204
CKDHL0521,KAK,4.61,2.6,188
CKDHL0523,KAK,5.51,1,186
CKDHL0524,KAK,4.36,1.1,183
CKDHL0525,KAK,5.36,0.9,198
CKDHL0526,KAK,5.29,2.6,194
CKDHL0527,KAK,4.6,2.3,184
CKDHL0528,KAK,4.89,0.5,198
CKDHL0529,KAK,5.31,2,219
CKDHL0530,KAK,6.11,1,193
CKDHL0531,KAK,6.15,0.6,184
CKDHL0638,KAK,4.24,0.4,204
CKDHL0640,KAK,4.02,0.7,188
CKDHL0641,KAK,4.38,1,209
CKDHL0643,KAK,4.62,0,182
CKDHL0644,KAK,5.46,0.3,205
CKDHL0645,KAK,5.15,1.4,207
CKDHL0646,KAK,4.7,0.4,209
CKDHL0647,KAK,3.08,0.2,178
CKDHL0648,KAK,4.38,0,192
CKDHL0649,KAK,4.37,0.6,226
CKDHL0650,KAK,4.7,0.4,200
CKDHL0651,KAK,5.13,0.3,190
CKDHL0652,KAK,4.53,0.7,210
CKDHL0653,KAK,5.08,-1.1,195
CKDHL0660,KAK,4.44,0.1,199
CKDHL0662,KAK,4.23,-0.1,207
CKDHL0663,KAK,4.76,0.8,196
CKDHL0664,KAK,4.21,1.1,203
CKDHL0002,KTI,7.32,1.7,267
CKDHL0003,KTI,6.09,3,243
CKDHL0004,KTI,6.25,2.3,243
CKDHL0005,KTI,4.85,2.3,209
CKDHL0007,KTI,7.89,2.7,243
CKDHL0008,KTI,4.84,3,240
CKDHL0011,KTI,6.4,1.7,236
CKDHL0013,KTI,6.65,2.3,232
CKDHL0014,KTI,6.47,2.7,252
CKDHL0015,KTI,6.25,2.7,236
CKDHL0016,KTI,6.13,2.7,208
CKDHL0017,KTI,5.67,2.7,220
CKDHL0018,KTI,5.6,2.3,239
CKDHL0019,KTI,6.28,2.3,236
CKDHL0020,KTI,6.22,2.7,236
CKDHL0021,KTI,6.61,2.3,234
CKDHL0022,KTI,7,2.3,242
CKDHL0023,KTI,6.75,1.3,221
CKDHL0024,KTI,5.45,2.3,218
CKDHL0027,KTI,5.32,2,223
CKDHL0028,KTI,6.5,1.7,227
CKDHL0029,KTI,4.37,4,199
CKDHL0030,KTI,5.84,2.7,225
CKDHL0031,KTI,6.45,2.7,230
CKDHL0032,KTI,6.24,1.3,221
CKDHL0034,KTI,5.75,1.3,230
CKDHL0035,KTI,6.84,2.3,220
CKDHL0037,KTI,6.22,2.3,230
CKDHL0038,KTI,6.46,1.7,225
CKDHL0039,KTI,6.18,2,238
CKDHL0040,KTI,8.07,2,235
CKDHL0041,KTI,6.32,2,256
CKDHL0042,KTI,6.75,1.7,247
CKDHL0043,KTI,6.2,2.7,219
CKDHL0044,KTI,5.49,4.3,213
CKDHL0045,KTI,6.52,2,227
CKDHL0046,KTI,6.7,3.7,195
CKDHL0047,KTI,5.52,1.7,246
CKDHL0049,KTI,6.44,2.3,240
CKDHL0050,KTI,6.97,1.3,252
CKDHL0051,KTI,7.17,3.7,259
CKDHL0052,KTI,7.2,2,236
CKDHL0053,KTI,7.37,1.3,264
CKDHL0054,KTI,5.43,3.7,248
CKDHL0055,KTI,4.79,3,207
CKDHL0056,KTI,8.3,0.7,232
CKDHL0058,KTI,7.25,2,236
CKDHL0059,KTI,6.67,2,232
CKDHL0060,KTI,6.39,2,227
CKDHL0061,KTI,6.33,2.3,252
CKDHL0062,KTI,7.27,2,244
CKDHL0063,KTI,6.5,1.7,234
CKDHL0064,KTI,5.85,2.7,219
CKDHL0065,KTI,6.07,2.3,232
CKDHL0066,KTI,6.2,1,237
CKDHL0067,KTI,7.03,1.7,239
CKDHL0068,KTI,6.51,2,226
CKDHL0069,KTI,4.65,2,191
CKDHL0070,KTI,5.11,3,216
CKDHL0071,KTI,7.75,2,262
CKDHL0072,KTI,5.74,1.3,233
CKDHL0073,KTI,5.59,1.7,217
CKDHL0076,KTI,5.39,2,211
CKDHL0078,KTI,6.31,2.7,250
CKDHL0079,KTI,6.76,2.3,248
CKDHL0080,KTI,6.29,2.3,242
CKDHL0081,KTI,5.85,3.3,254
CKDHL0082,KTI,4.82,3.7,230
CKDHL0084,KTI,5.05,2.7,239
CKDHL0085,KTI,7.41,2.7,258
CKDHL0086,KTI,6.81,1.3,249
CKDHL0087,KTI,5.09,1.7,243
CKDHL0088,KTI,6.58,2,229
CKDHL0089,KTI,6,2.3,245
CKDHL0092,KTI,6.43,1.3,242
CKDHL0094,KTI,5.71,2,236
CKDHL0095,KTI,4.88,1.7,237
CKDHL0096,KTI,4.14,3.7,225
CKDHL0097,KTI,4.45,2,222
CKDHL0098,KTI,5.11,2.7,228
CKDHL0099,KTI,4.25,1.7,239
CKDHL0100,KTI,6.57,2.3,264
CKDHL0101,KTI,4.97,3,232
CKDHL0102,KTI,6.1,1.3,237
CKDHL0103,KTI,4.44,3.3,237
CKDHL0104,KTI,6.67,2.7,251
CKDHL0105,KTI,4.44,1.7,252
CKDHL0106,KTI,6.27,3.7,257
CKDHL0108,KTI,5.25,2.3,237
CKDHL0109,KTI,6.44,3.3,231
CKDHL0110,KTI,6.44,3.7,259
CKDHL0112,KTI,5.24,2,247
CKDHL0114,KTI,6.33,2.7,242
CKDHL0115,KTI,5.61,1.7,239
CKDHL0116,KTI,7.09,2,249
CKDHL0117,KTI,4.89,1.3,232
CKDHL0119,KTI,7.41,1.3,255
CKDHL0120,KTI,5.06,4,250
CKDHL0121,KTI,5.71,2.3,269
CKDHL0122,KTI,5.52,1.3,258
CKDHL0123,KTI,6.37,1.7,235
CKDHL0126,KTI,7.09,2.3,233
CKDHL0127,KTI,5.44,3,215
CKDHL0128,KTI,6.8,1,233
CKDHL0129,KTI,4.56,2.7,228
CKDHL0130,KTI,6.2,1.3,229
CKDHL0132,KTI,6.49,2,245
CKDHL0133,KTI,5.95,1.7,253
CKDHL0134,KTI,6.41,1.3,266
CKDHL0135,KTI,7.13,1.7,270
CKDHL0136,KTI,5.66,3,246
CKDHL0137,KTI,5.74,2.3,237
CKDHL0138,KTI,5.51,2,258
CKDHL0140,KTI,5.47,2.7,235
CKDHL0141,KTI,5.11,2,242
CKDHL0142,KTI,5.34,2,235
CKDHL0143,KTI,5.82,1.3,256
CKDHL0146,KTI,5.78,1.3,257
CKDHL0147,KTI,5.49,2.7,226
CKDHL0148,KTI,5.15,1.7,249
CKDHL0150,KTI,5.79,2.3,239
CKDHL0151,KTI,6.34,2.7,252
CKDHL0152,KTI,6.3,2,253
CKDHL0153,KTI,5.5,2.7,247
CKDHL0154,KTI,6.42,1.7,249
CKDHL0155,KTI,5.73,2.7,238
CKDHL0157,KTI,5.5,1.7,248
CKDHL0158,KTI,5.58,2,236
CKDHL0160,KTI,5.31,1.7,258
CKDHL0161,KTI,6.56,2.3,239
CKDHL0162,KTI,4.5,2.3,247
CKDHL0163,KTI,6.14,2,251
CKDHL0164,KTI,4.55,2.7,239
CKDHL0166,KTI,6.4,2.3,237
CKDHL0167,KTI,6.54,2.3,239
CKDHL0168,KTI,5.94,3,240
CKDHL0170,KTI,5.13,3,253
CKDHL0171,KTI,5.41,1.7,243
CKDHL0172,KTI,6.83,1.3,253
CKDHL0173,KTI,5.53,4,238
CKDHL0176,KTI,6.26,2.3,229
CKDHL0177,KTI,7.72,0.7,237
CKDHL0178,KTI,6.1,3,209
CKDHL0179,KTI,6.04,1.3,245
CKDHL0180,KTI,5.97,2.3,238
CKDHL0181,KTI,5.47,3.3,220
CKDHL0182,KTI,7.39,2.3,244
CKDHL0183,KTI,6.73,2.3,222
CKDHL0184,KTI,6.17,2,209
CKDHL0186,KTI,6.37,2.7,243
CKDHL0187,KTI,5.35,2,226
CKDHL0189,KTI,6.95,2.7,248
CKDHL0190,KTI,5.74,2.7,215
CKDHL0192,KTI,5.41,2.3,216
CKDHL0193,KTI,6.06,3.3,244
CKDHL0194,KTI,4.39,2.7,200
CKDHL0195,KTI,5.65,3.3,213
CKDHL0196,KTI,5.41,2.3,227
CKDHL0197,KTI,8.76,2,247
CKDHL0198,KTI,6.13,3,227
CKDHL0199,KTI,5.52,3,220
CKDHL0200,KTI,5.05,2,221
CKDHL0201,KTI,5.92,2,233
CKDHL0202,KTI,5.81,3,193
CKDHL0203,KTI,6.24,3,230
CKDHL0204,KTI,5.29,1.7,219
CKDHL0206,KTI,5.01,1.7,203
CKDHL0208,KTI,6.24,1,241
CKDHL0209,KTI,4.23,1.3,203
CKDHL0211,KTI,6.79,1,245
CKDHL0212,KTI,7.17,2.7,221
CKDHL0214,KTI,8.54,3,248
CKDHL0216,KTI,7.24,2.7,240
CKDHL0217,KTI,6.23,1.3,249
CKDHL0218,KTI,5.83,3,235
CKDHL0219,KTI,8.15,2,252
CKDHL0221,KTI,8.04,1.7,262
CKDHL0225,KTI,6.59,2.3,219
CKDHL0226,KTI,5.93,1.3,212
CKDHL0227,KTI,8.17,2.7,250
CKDHL0228,KTI,6.13,1.3,234
CKDHL0229,KTI,4.15,4.3,203
CKDHL0231,KTI,6.85,1.7,244
CKDHL0232,KTI,6.34,3.3,225
CKDHL0234,KTI,3.96,3.7,213
CKDHL0235,KTI,6.86,1.3,239
CKDHL0236,KTI,5.85,1.7,210
CKDHL0238,KTI,8.55,2.7,258
CKDHL0239,KTI,5.16,3.7,219
CKDHL0241,KTI,5.62,1.3,235
CKDHL0246,KTI,5.91,4.3,224
CKDHL0248,KTI,6.28,1,248
CKDHL0251,KTI,7.1,4.7,240
CKDHL0253,KTI,6.67,2.3,241
CKDHL0254,KTI,6.88,1.3,258
CKDHL0256,KTI,5.42,4.3,234
CKDHL0257,KTI,6.5,2,244
CKDHL0258,KTI,4.34,4,197
CKDHL0259,KTI,3.89,5,196
CKDHL0262,KTI,6.69,1.7,233
CKDHL0265,KTI,5.67,3,237
CKDHL0266,KTI,6.58,3,230
CKDHL0272,KTI,4.65,3,230
CKDHL0273,KTI,7.59,3,250
CKDHL0275,KTI,6.61,2.3,242
CKDHL0276,KTI,6.06,1,252
CKDHL0277,KTI,6.02,3.3,235
CKDHL0279,KTI,6.86,2.7,245
CKDHL0429,KTI,7.36,3,245
CKDHL0430,KTI,7.18,2.7,242
CKDHL0431,KTI,6.8,3,233
CKDHL0432,KTI,4.95,3,241
CKDHL0433,KTI,6.86,2.7,234
CKDHL0434,KTI,6.11,3.7,235
CKDHL0435,KTI,4.13,3,258
CKDHL0436,KTI,7.1,2,242
CKDHL0437,KTI,7.17,1.7,235
CKDHL0438,KTI,6.67,1,227
CKDHL0439,KTI,8.62,1.3,236
CKDHL0440,KTI,6.02,1.7,232
CKDHL0441,KTI,5.62,3,239
CKDHL0443,KTI,7.27,3,246
CKDHL0444,KTI,7.48,2,243
CKDHL0445,KTI,6.27,3.3,232
CKDHL0446,KTI,6.15,1.3,234
CKDHL0447,KTI,5.64,1.3,230
CKDHL0448,KTI,5.48,3.3,247
CKDHL0449,KTI,5.71,2.3,232
CKDHL0450,KTI,6.18,0,255
CKDHL0451,KTI,7.38,2.3,254
CKDHL0452,KTI,4.65,1.7,239
CKDHL0453,KTI,4.41,3.7,236
CKDHL0454,KTI,7.08,2.3,234
CKDHL0457,KTI,6.26,4.7,235
CKDHL0458,KTI,6.23,3,227
CKDHL0459,KTI,5.16,2.3,243
CKDHL0460,KTI,7.71,3,236
CKDHL0461,KTI,6.41,3,249
CKDHL0462,KTI,5.68,2.3,231
CKDHL0463,KTI,5.76,1.3,245
CKDHL0464,KTI,5.91,2,234
CKDHL0467,KTI,7.21,1,244
CKDHL0468,KTI,6.56,1.7,246
CKDHL0469,KTI,4.95,2,213
CKDHL0470,KTI,7.18,2.3,222
CKDHL0471,KTI,6.02,2.3,261
CKDHL0473,KTI,5.55,1.3,249
CKDHL0474,KTI,7.61,3,246
CKDHL0475,KTI,7.09,2,249
CKDHL0476,KTI,5.72,1.7,251
CKDHL0477,KTI,6.31,3,252
CKDHL0478,KTI,8.6,1.7,232
CKDHL0479,KTI,7.04,1.7,239
CKDHL0480,KTI,4.69,3.3,208
CKDHL0482,KTI,7.05,1.7,232
CKDHL0483,KTI,5.85,1.7,232
CKDHL0484,KTI,6.64,2,239
CKDHL0485,KTI,4.44,2,247
CKDHL0486,KTI,6.01,2.3,246
CKDHL0487,KTI,7.4,2,241
CKDHL0489,KTI,6.58,3.7,249
CKDHL0490,KTI,6.15,1.7,244
CKDHL0491,KTI,5.8,2,230
CKDHL0492,KTI,7.12,3.3,237
CKDHL0493,KTI,5.79,4.7,235
CKDHL0494,KTI,6.44,3.3,240
CKDHL0497,KTI,6.71,1,239
CKDHL0498,KTI,6.13,2.3,219
CKDHL0499,KTI,7.54,2.7,246
CKDHL0502,KTI,8.09,2,269
CKDHL0503,KTI,7.04,2.3,241
CKDHL0504,KTI,4.99,1.7,234
CKDHL0505,KTI,8.13,1.7,232
CKDHL0506,KTI,6.72,2,242
CKDHL0507,KTI,7.25,2.3,224
CKDHL0511,KTI,8.03,1.7,222
CKDHL0512,KTI,5.58,1.7,238
CKDHL0513,KTI,7.44,3,229
CKDHL0514,KTI,5.8,3,232
CKDHL0515,KTI,6.52,3.3,227
CKDHL0516,KTI,5.56,3.3,216
CKDHL0521,KTI,4.54,2.7,226
CKDHL0523,KTI,6.66,2.3,228
CKDHL0524,KTI,4.55,2,218
CKDHL0525,KTI,6.41,1.7,232
CKDHL0526,KTI,8.15,3,236
CKDHL0527,KTI,5.86,2.3,245
CKDHL0528,KTI,7.29,1,247
CKDHL0529,KTI,5.81,1.3,250
CKDHL0530,KTI,7.24,2.3,242
CKDHL0531,KTI,6.21,1.7,240
CKDHL0638,KTI,4.01,3.3,212
CKDHL0640,KTI,5.05,3,203
CKDHL0641,KTI,5.68,2,229
CKDHL0643,KTI,5.81,2.7,198
CKDHL0644,KTI,6.11,2.7,222
CKDHL0645,KTI,6.08,1.7,221
CKDHL0646,KTI,4.59,2,208
CKDHL0647,KTI,3.85,2.3,195
CKDHL0648,KTI,5.59,2.7,210
CKDHL0649,KTI,5.46,3.3,221
CKDHL0650,KTI,5.47,2,220
CKDHL0651,KTI,5.85,1.3,226
CKDHL0652,KTI,5.72,2,228
CKDHL0653,KTI,5.03,1,201
CKDHL0660,KTI,5.34,2,185
CKDHL0662,KTI,6.36,1,228
CKDHL0663,KTI,6.45,3.3,213
CKDHL0664,KTI,3.89,3.7,208
